"id","name"
0,"Animated"
1,"Dynamic Bones"
2,"Events"
3,"Controller Events"
4,"Idle System"
5,"Default"
6,"Anime"
7,"No IK"
8,"Cloth"
9,"Simple"
10,"100k"
11,"Senpai Approved"
12,"Custom Trails"
13,"Particles"
14,"Hype"
15,"Flashy"
16,"Waifu"
17,"Dragon Maid"
18,"Star Wars"
19,"Thin"
20," Custom Colors"
21,"Viking"
22,"Lightning"
23,"Roblox"
24,"WOW"
25,"Flame"
26,"Overwatch"
27,"Asymmetry"
28,"Zelda"
29,"Shield"
30,"FinalFantasy"
31,"FF"
32,"Hitspark"
33,"Katana"
34,"Epic"
35,"Spear"
36,"Flower"
37,"KDA"
38,"nanachi"
39,"lexichi"
40,"Persona 5"
41,"Titanfall"
42,"Ronin"
43,"Broadsword"
44,"Titanfall 2"
45,"Ronin Prime"
46,"Prime"
47,"Circles"
48,"Spinning"
49,"Una Otomachi"
50,"Vocaloid"
51,"Reaxt"
52,"Dynamic bones"
53,"Silly"
54,"Custom Colors"
55,"Halloween"
56,"Kingdom Hearts"
57,"Custom Trail"
58,"Startup Animation"
59,"Rick & Morty"
60,"Particle"
61,"Controller"
62,"squeaksies"
63,"meme"
64,"mapper"
65,"Transparent"
66,"Trailless"
67,"Pokemon"
68,"Fate"
69,"Grand"
70,"Order"
71,"FGO"
72,"MHX"
73,"Physics"
74,"m16"
75,"m16a1"
76,"weapon"
77,"bayonet"
78,"vietnam"
79,"saber"
80,"B.U.D"
81,"generator"
82,"metallic"
83,"OwO"
84,"Kitchen"
85,"Rings"
86,"Rotating"
87,"Orbiting"
88,"gpu"
89,"graphics card"
90,"nvidia gtx 1080ti"
91,"nvidia"
92,"gtx 1080"
93,"Aurora"
94,"Paragon"
95,"Glossy"
96,"Ice"
97,"kuriyamasora"
98,"denpadokei"
99,"Colors"
100,"Custom"
101,"Darth"
102,"Maul"
103,"Qui"
104,"Gon"
105,"Glassy"
106,"LightBulbs"
107,"For3rdPersonCamera"
108,"MonitorDisplays"
109,"CustomTrails"
110,"Gardevior"
111,"Ender"
112,"Not First-Person Compatible"
113,"Does Knock"
114,"SAO"
115,"Sword Art Online"
116,"Loud"
117,"No trail"
118,"Full Metal Alchemist"
119,"Soul Caliber"
120,"Soul Edge"
121,"Soul Edge IV"
122,"Soul Caliber IV"
123,"Textured"
124,"doom"
125,"eternal"
126,"crucible"
127,"rip"
128,"tear"
129,"Gaming"
130,"devil may cry"
131,"yamato"
132,"red rose"
133,"sword"
134,"Lasers"
135,"Glass"
136,"Reflections"
137,"Progress Counter"
138,"No Reflections"
139,"No Progress Counter"
140,"Advanced Display Support"
141,"Snow"
142,"multiplayer"
143,"loading"
144,"default"
145,"The Ghoul"
146,"Raymarching"
147,"Gundam"
148,"Colors Uncustomizable"
149,"Mythra"
150,"Hikari"
151,"Jiggle"
152,"First-Person Compatible"
153,"Doesnt Knock"
154,"Death Gun"
155,"Skyrim"
156,"Runescape"
157,"Skeleton"
158,"LowPoly"
159,"StageLight"
160,"Duck"
161,"Halforums"
162,"raiden"
163,"metal gear"
164,"revengeance"
165,"Xenoblade"
166,"Pyra"
167,"Homura"
168,"Kendo"
169,"Shinai"
170,"World Of Warcraft"
171,"Elsword"
172,"Elesis"
173,"Blazing Heart"
174,"Lu"
175,"Chiliarch"
176,"FBT"
177,"Full Body Tracking"
178,"Neptunia"
179,"High Frequency"
180,"HF Sword"
181,"Metal Gear Rising"
182,"One Punch Man"
183,"Tron"
184,"Kirito"
185,"Play Reactive"
186,"Fairy Tail"
187,"Erza"
188,"Erza Skarlet"
189,"Heavens Wheel Sword"
190,"Heavens Wheel Armor"
191,"Heavens Wheel"
192,"Trails"
193,"Knight"
194,"Bright"
195,"Erza Scarlet"
196,"Heart Kreuz X791"
197,"Heart Kreuz"
198,"X791"
199,"For B-Grip"
200,"Fairy"
201,"Tail"
202,"Scarlet"
203,"Skarlet"
204,"Armadura Fairy"
205,"Armadura"
206,"Kirby"
207,"Meta knight"
208,"Meta"
209,"knight"
210,"Galaxia"
211,"Custom trails"
212,"Morning Star"
213,"Morning"
214,"Star"
215,"custom saber"
216,"Retro"
217,"Synth"
218,"Neon"
219,"Serrated"
220,"cleaver"
221,"butcher"
222,"knife"
223,"Zoroark"
224,"Kwang"
225,"Transformer"
226,"Sea Empress"
227,"Crystal Sabers"
228,"Cristal"
229,"Hollow Knight"
230,"TheBagel3"
231,"OnlyPolygon"
232,"Nail"
233,"Sharpened Nail"
234,"fate"
235,"fate/extra"
236,"nero claudius"
237,"Tetris"
238,"Custom colours compatible"
239,"Reflection"
240,"Tranquil"
241,"eggdog"
242,"no first-person"
243,"Combo changes"
244,"Music"
245,"Escape"
246,"Clone"
247,"neon"
248,"blade"
249,"animated"
250,"Sword"
251,"Rapier"
252,"Pappenheimer"
253,"X-Grip"
254,"Rotated"
255,"Baguette"
256,"greatsword"
257,"balmung"
258,"honkai"
259,"textured"
260,"Older Neptune"
261,"Adult Neptune"
262,"Event Manager"
263,"joelseph"
264,"akaraiden"
265,"bacon"
266,"Bongo Cat"
267,"Meme"
268,"Buy Pepsi Products"
269,"Sound"
270,"Touhou Project"
271,"Deemo"
272,"Fire Emblem"
273,"Falchion"
274,"Chrom"
275,"Wizard"
276,"Wands"
277,"Trail"
278,"touhou"
279,"princess"
280,"night"
281,"project"
282,"dress"
283,"Video Games"
284,"Curved"
285,"Armor-slayer"
286,"Scythe"
287,"Virtuous"
288,"Treaty"
289,"Nier"
290,"Automata"
291,"Elucidator"
292,"Repulser"
293,"Mace"
294,"No Items"
295,"Fox Only"
296,"fbt"
297,"sonic"
298,"final fantasy"
299,"gunblade"
300,"rpg"
301,"square"
302,"squall"
303,"leon"
304,"gun"
305,"key"
306,"keyblade"
307,"kingdom"
308,"hearts"
309,"sora"
310,"disney"
311,"Kio"
312,"Stage"
313,"Red"
314,"Hair"
315,"Bow"
316,"nsfw"
317,"Saints Row"
318,"Green"
319,"BSMG"
320,"Spooky"
321,"Pirate"
322,"NSFW"
323,"Sounds"
324,"PS4"
325,"No Trail"
326,"kingdomhearts"
327,"xehanort"
328,"xehanort's"
329,"League of Legends"
330,"Battlecast"
331,"Chainsaw"
332,"Yellow"
333,"rain"
334,"audio"
335,"calm"
336,"jet set radio"
337,"JSRF"
338,"Giant"
339,"Hammer"
340,"Gunsabers"
341,"Circle Sword"
342,"50 Cal Sniper"
343,"Gothic Rapier"
344,"Fantasy Sword"
345,"Fancy"
346,"Hatchet"
347,"Lightsaber"
348,"Luke"
349,"Anakin"
350,"Ninja"
351,"Shovel"
352,"Platinum"
353,"The"
354,"World"
355,"Warudo"
356,"JoJo"
357,"Tremendo"
358,"Armitoste"
359,"Borderlands"
360,"Borderlands 2"
361,"Zer0"
362,"Halo"
363,"Energy Sword"
364,"Bugged Trail"
365,"Fox"
366,"Touhou"
367,"Laevateinn"
368,"Laevatein"
369,"Flandre"
370,"FGo"
371,"Chronicles"
372,"D20"
373,"Emperor"
374,"King"
375,"Llane"
376,"Sci"
377,"Fi"
378,"Mysterious Heroine X"
379,"Soul"
380,"Caliber"
381,"Edge"
382,"Gungnir"
383,"Remilia"
384,"MHXX"
385,"Mysterious Heroine XX"
386,"Atalanta Alter"
387,"Fate/stay"
388,"Medusa"
389,"Rider"
390,"Rin Tohsaka"
391,"master"
392,"saber alter"
393,"C.C."
394,"CodeGeass"
395,"Lelouch"
396,"lulu"
397,"Spice and Wolf"
398,"S&W"
399,"Holo"
400,"Holo the wise wolf"
401,"concert"
402,"battle"
403,"arena"
404,"stadium"
405,"huge"
406,"old"
407,"Arch"
408,"Cool"
409,"text"
410,"anime"
411,"colored"
412,"spear"
413,"Zinnia"
414,"Dragon"
415,"Mewtwo"
416,"Mew"
417,"persona 4 arena ultimax"
418,"Mortal Kombat"
419,"Horror"
420,"Puppet"
421,"SAW"
422,"Knives"
423,"Hestia Knife"
424,"Ushiwakamaru"
425,"danmachi"
426,"Hyena"
427,"Furry"
428,"GNOMED"
429,"joke"
430,"image"
431,"hestia"
432,"Stylised"
433,"custom colors"
434,"full body"
435,"dynamic bones"
436,"mario"
437,"Hatsune Miku"
438,"bell cranel"
439,"Zayle"
440,"Guild Wars 2"
441,"GW2"
442,"SAB"
443,"Suguri"
444,"Pooh"
445,"Boku no Hero Academia"
446,"Kyouko Toshino"
447,"Onesie"
448,"Tomato"
449,"Yuru Yuri"
450,"Blue"
451,"Light Saber"
452,"devil survivor 2"
453,"game"
454,"video game"
455,"alcor"
456,"al saiduq"
457,"anguished one"
458,"Girl"
459,"Neko"
460,"Pink"
461,"Cute"
462,"Reactive Lighting"
463,"Mirror Reflection"
464,"Siro"
465,"Blinking Animation"
466,"Custom Outfit"
467,"Kasane"
468,"Teto"
469,"Monstercat"
470,"Katanas"
471,"Audio"
472,"Mirror"
473,"Ichi"
474,"Swords"
475,"Aqw"
476,"Adventure Quest Worlds"
477,"Cat"
478,"2D Editor"
479,"Japan"
480,"Scuffed"
481,"FoxGirl"
482,"Bell Cranel"
483,"is it wrong to pick up girls in a dungeon"
484,"male"
485,"Levitron"
486,"Greatswords"
487,"Chad"
488,"Alpha"
489,"Male"
490,"Bulge"
491,"Tail Anim"
492,"Waluigi"
493,"Strikers"
494,"furry"
495,"personal use only"
496,"no fbt"
497,"Ragnell"
498,"Alondite"
499,"Prey"
500,"Prey Mooncrash"
501,"Psi Cutter"
502,"Dark"
503,"Kancolle"
504,"kitchen"
505,"furry?"
506,"IPlayedOsu"
507,"First"
508,"Synthwave"
509,"Aestethic"
510,"Half-Life"
511,"Freeman"
512,"HEV"
513,"dynamic"
514,"spaghetti"
515,"useless"
516,"twix"
517,"food"
518,"xylophone"
519,"instrument"
520,"cat"
521,"swift"
522,"curved"
523,"glow"
524,"original"
525,"TF2"
526,"Caber"
527,"Axe"
528,"Unity"
529,"Animated Wings"
530,"Kiana"
531,"Herrscher of the Void"
532,"wolven"
533,"Danganronpa"
534,"Danganronpa 2"
535,"Nagito Komaeda"
536,"Video Game"
537,"wow"
538,"sky"
539,"watergun"
540,"super soaker"
541,"thin"
542,"loagurt"
543,"roxas"
544,"KH"
545,"no game no life"
546,"boob physics"
547,"Onozuka Komachi"
548,"Kaenbyou Rin"
549,"Mizuhashi Parsee"
550,"K-On!"
551,"Yui"
552,"First Person"
553,"Combat"
554,"2D"
555,"Suu"
556,"Monster"
557,"Musume"
558,"vive"
559,"frost"
560,"particle effect"
561,"ice"
562,"Blue Exorcist"
563,"Kurikara"
564,"Dr Strange"
565,"Vanilla Inspired"
566,"CustomEvents"
567,"Light Balanced"
568,"Marth"
569,"Olivia"
570,"Binding Blade"
571,"Roy"
572,"Ryoma"
573,"Raijinto"
574,"Xander"
575,"Siegbert"
576,"Leo"
577,"Ice Blade"
578,"Foxy"
579,"Normal Tracking"
580,"Animated Eyes"
581,"Corrin"
582,"Yato"
583,"rainbow"
584,"pride"
585,"particle FX"
586,"custom trails"
587,"Alternative Grip"
588,"hanger"
589,"normal tracking"
590,"girl"
591,"dynamic hair"
592,"Low poly"
593,"Fire"
594,"Water"
595,"twice"
596,"candybong z"
597,"candybong"
598,"candy"
599,"bong"
600,"kpop"
601,"Normal Grip"
602,"Claw Grip"
603,"Cuboid"
604,"Lightshow"
605,"EQ"
606,"Honey"
607,"Persona"
608,"Futaba"
609,"Oracle"
610,"Left"
611,"Right"
612,"Minecraft"
613,"Event Manger"
614,"Helix"
615,"OldSchool"
616,"Enchanced"
617,"Dynamic"
618,"Oath Keeper & Oblivion"
619,"Oath Keeper"
620,"Oblivion"
621,"Roxas"
622,"Full-Body Tracking"
623,"Blinking Animations"
624,"Lucy Heartfilia"
625,"Bunny"
626,"Nier Automata"
627,"Yorha 2B"
628,"2B"
629,"Spirograph"
630,"Light Show"
631,"trail"
632,"minimal"
633,"Solarian Sword"
634,"svtfoe"
635,"Independant Eye"
636,"Aincrad"
637,"Alicization"
638,"Eugeo"
639,"Oversized"
640,"Christmas"
641,"Extra Effects"
642,"Short"
643,"Custom Events"
644,"No Standing Platform o/"
645,"Zealot"
646,"pro"
647,"Box"
648,"Cutters"
649,"Miku"
650,"DOOM"
651,"Doom Slayer"
652,"Custom colors"
653,"Aya Maruyama"
654,"first-person compatible"
655,"BanG Dream"
656,"Trump"
657,"Donald Trump"
658,"Political"
659,"Sweet"
660,"slim"
661,"Independent Eye"
662,"Sour"
663,"Frozen"
664,"Anna"
665,"Hacka Doll"
666,"3"
667,"Zero Suit Samus"
668,"Smash"
669,"Metroid"
670,"Blinking"
671,"Slayer"
672,"2"
673,"Neptune"
674,"Joycon"
675,"Switch"
676,"yeet"
677,"long trails"
678,"First Person Compatible"
679,"Angel"
680,"Megurine Luka"
681,"Re:Zero"
682,"Rem"
683,"Ram"
684,"Nier:Automata"
685,"Monika"
686,"Doki Doki"
687,"pokemon"
688,"zangoose"
689,"chonk"
690,"dragon"
691,"star wars"
692,"jedi"
693,"luke"
694,"lightsaber"
695,"pokesaber"
696,"snake"
697,"oculus"
698,"simple"
699,"ERROR"
700,"Yukina Minato"
701,"Roselia"
702,"Blink Animation"
703,"Kokoro Tsurumaki"
704,"Hello"
705,"Happy World"
706,"pepega"
707,"ZyreX"
708,"Light"
709,"Cyclops"
710,"minecraft"
711,"creeper"
712,"Ruby Rose"
713,"‰∏çÊîØÊåÅÂÖ®Ë∫´ËøΩË∏™"
714,"Á¨¨‰∏Ä‰∫∫Áß∞ÂÖºÂÆπ"
715,"Oculus Touch"
716,"Oculus Quest"
717,"Oculus Rift S"
718,"CSGO"
719,"Small"
720,"Large"
721,"Long"
722,"Funny"
723,"wii"
724,"ü§î"
725,"scary"
726,"Scary"
727,"ROBLOX"
728,"not funny"
729,"dead meme"
730,"drum"
731,"sticks"
732,"percussion"
733,"snare"
734,"Link"
735,"curve"
736,"Techo"
737,"Eyes"
738,"Creepy"
739,"U-1"
740,"U1"
741,"Detailed"
742,"Trippy"
743,"Rainbow"
744,"Shaders"
745,"Pretty"
746,"Nature"
747,"Tool"
748,"tool"
749,"Lego"
750,"Food"
751,"Overclocked"
752,"RWBY"
753,"funny"
754,"Undertale"
755,"Bros"
756,"Brawl"
757,"Steampunk"
758,"Deltarune"
759,"Old"
760,"Metal"
761,"Hands"
762,"Superhero"
763,"Baton"
764,"Chain"
765,"Sledgehammer"
766,"Object"
767,"cool"
768,"Cane"
769,"üçÜ"
770,"Monster Hunter"
771,"Gear"
772,"Chaos"
773,"Animal"
774,"Twitch"
775,"Streaming"
776,"üí©"
777,"Cyber"
778,"Wand"
779,"Evil"
780,"Dark Souls 3"
781,"Twisted"
782,"Staff"
783,"Bones"
784,"Communism"
785,"Fun"
786,"Spaghet"
787,"Bayonetta"
788,"Saber"
789,"Nico"
790,"nico"
791,"nii"
792,"Note"
793,"Blazefire"
794,"Avatar"
795,"Noctis"
796,"Guitar"
797,"Fortnite"
798,"Military"
799,"Weapon"
800,"Nintendo"
801,"Pickaxe"
802,"Futuristic"
803,"lebandit915"
804,"lebandit"
805,"bandoot"
806,"small"
807,"üëå"
808,"RS3"
809,"OSRS"
810,"Gold"
811,"Steven Universe"
812,"Breaker"
813,"Peak Human form"
814,"default standing platform"
815,"frog"
816,"YEET"
817,"Skull"
818,"Dagger"
819,"Techno"
820,"Sabers"
821,"Buster"
822,"Energy"
823,"Rapiers"
824,"Seven Deadly Sins"
825,"Pointy"
826,"Terraria"
827,"Spongebob"
828,"mlp"
829,"Sports"
830,"LOL"
831,"Delphix"
832,"Hyper Light Drifter"
833,"Cleaver"
834,"Chinese"
835,"Hook"
836,"Golden"
837,"Fish"
838,"Oculus"
839,"Vape"
840,"Handle"
841,"Spiky"
842,"Club"
843,"Hand"
844,"KV"
845,"Hobbit"
846,"Thanos"
847,"Diamond"
848,"Daan Jeroen Hesterman Electric Fiber Saber"
849,"chains"
850,"Wooden"
851,"Butterfly"
852,"Scifi"
853,"Vaporwave"
854,"Cyberpunk"
855,"Poly"
856,"Cube"
857,"Lighting"
858,"Trees"
859,"Calm"
860,"Bridge"
861,"Scene"
862,"GGO"
863,"Lights"
864,"Screen"
865,"Green Screen"
866,"Solid"
867,"Basic"
868,"Equalizer"
869,"Audio Reactive"
870,"Unique"
871,"Spaghetti"
872,"Mesa"
873,"Space"
874,"Tesla"
875,"Midnight"
876,"Party"
877,"Dance"
878,"Turbine"
879,"Disney"
880,"Castle"
881,"Empty"
882,"Custom Lights"
883,"Tunnel"
884,"Rave"
885,"Nostalgia"
886,"BBBear"
887,"Pillars"
888,"Static"
889,"CustomColor Support"
890,"Fishy"
891,"Beta"
892,"Beat Saber Origins"
893,"Replica"
894,"Hiwave"
895,"CC Support"
896,"Ooka Miko"
897,"Miko"
898,"Norse"
899,"Car"
900,"Bone"
901,"Papyrus"
902,"Gaster Blasters"
903,"Sans"
904,"Sakura"
905,"Darth Maul"
906,"Bamboo"
907,"Bleach"
908,"custom events"
909,"rails"
910,"default trails"
911,"WoW"
912,"Fantasy"
913,"Rift"
914,"High Detail"
915,"Dynamics"
916,"KIMRIO"
917,"Sabr"
918,"Sci-Fi"
919,"Custom-Color Compatible"
920,"Big"
921,"Voxel"
922,"Valve"
923,"Index"
924,"Knuckles"
925,"Nykreuz"
926,"Doramio"
927,"Attack on Titan"
928,"superior nippon steel"
929,"folded 1000 times"
930,"weeb"
931,"Genji"
932,"Dragonblade"
933,"Weeb"
934,"Misaka Mikoto"
935,"Railgun"
936,"cute"
937,"ice cream"
938,"casual"
939,"Glowing"
940,"Meika Hime"
941,"Meika Mikoto"
942,"Wings"
943,"Pencil"
944,"Pool Noodle"
945,"Pool"
946,"Chains"
947,"Spikes"
948,"Animated Trail"
949,"Maul Ready"
950,"physics"
951,"chain"
952,"dungeon"
953,"spikes"
954,"spikey"
955,"thorns"
956,"thorn"
957,"nerf"
958,"Animation"
959,"Reactive"
960,"taiko"
961,"combo"
962,"sound"
963,"full combo"
964,"Full"
965,"Combo"
966,"effect"
967,"Megalovania"
968,"Smooth"
969,"Minimalist"
970,"Gravity Rush"
971,"Kat"
972,"Minimalistic"
973,"Corridor"
974,"Anthropomorphic"
975,"Taur"
976,"Feral"
977,"Four Legs"
978,"Quadruped"
979,"Anthro"
980,"Fur"
981,"Tail and Ears"
982,"Foxtaur"
983,"Kitsune"
984,"Voxian"
985,"Randomized"
986,"Abstract"
987,"Platform"
988,"Ring"
989,"Sadone"
990,"Battle Girl High School"
991,"Headset"
992,"Minimal"
993,"Outline"
994,"SelfModel CustomTrail"
995,"Ski"
996,"HARUFA"
997,"Wolven"
998,"Origins Old Nostalgia CustomTrails"
999,"halloween"
1000,"Battlecry"
1001,"Mazare"
1002,"Philip strand"
1003,"Ukon"
1004,"Tower"
1005,"Eifell"
1006,"FF14"
1007,"Final Fantasy"
1008,"Spawn"
1009,"Lucio"
1010,"Deadman"
1011,"Wonderland"
1012,"Shiro"
1013,"borderlands"
1014,"zer0"
1015,"robot"
1016,"Mercy"
1017,"Guilty Gears"
1018,"Sol"
1019,"Silver Chariot"
1020,"MHA"
1021,"All Might"
1022,"My Hero Academia"
1023,"Ryuko"
1024,"Kill La Kill"
1025,"Berserk"
1026,"Power Rangers"
1027,"Konko"
1028,"Neru"
1029,"HTC Vive"
1030,"Vive"
1031,"Spiderman"
1032,"Marvel"
1033,"nepgear"
1034,"hdn"
1035,"sega hard girls"
1036,"flame awakening"
1037,"Deadpool"
1038,"Lady"
1039,"Iron Man"
1040,"IronMan"
1041,"Dark Souls"
1042,"Solaire"
1043,"PRAISE THE SUN"
1044,"DEUS VULT"
1045,"Darth Vader"
1046,"Vader"
1047,"Kamen Rider"
1048,"Yoko"
1049,"Ahegao"
1050,"( Õ°¬∞ Õú ñ Õ°¬∞)"
1051,"Magician"
1052,"YuGiOh"
1053,"ZeroTwo"
1054,"02"
1055,"darling in the franxx"
1056,"Air"
1057,"Demon"
1058,"Akitsuki"
1059,"Fuuka"
1060,"Trap"
1061,"Felix"
1062,"RE:Zero"
1063,"U-1146"
1064,"U1146"
1065,"Cells At Work"
1066,"worker"
1067,"Tall"
1068,"Skinny"
1069,"Jack"
1070,"Skellington"
1071,"nightmare before christmas"
1072,"Master Chief"
1073,"John"
1074,"Konosuba"
1075,"Megumin"
1076,"Explosion"
1077,"bikini"
1078,"KOSMOS"
1079,"Cel shading"
1080,"Female"
1081,"BOTW"
1082,"Princess"
1083,"NIER"
1084,"Thicc"
1085,"RUBY"
1086,"Timeskip"
1087,"Ruby"
1088,"Shrek"
1089,"is"
1090,"love"
1091,"shrek"
1092,"life"
1093,"Hackadoll"
1094,"makise"
1095,"xemnas"
1096,"Kill la kill"
1097,"Bowsette"
1098,"Mario"
1099,"Yae"
1100,"Battlecity"
1101,"Kaiba"
1102,"Clone Trooper"
1103,"Trooper"
1104,"Exia"
1105,"GN-001"
1106,"The legend of zelda"
1107,"TLOZ"
1108,"Purple"
1109,"Sister"
1110,"Nepgear"
1111,"Captain"
1112,"Falcon"
1113,"Beat"
1114,"Raven"
1115,"VRC"
1116,"Goth"
1117,"Kanna"
1118,"REZero"
1119,"RamIsActuallyBetterButIDigress"
1120,"Mad"
1121,"Moxxi"
1122,"Gun Gale Online"
1123,"Sinon"
1124,"Avengers"
1125,"Akai"
1126,"Zombie"
1127,"Blood"
1128,"Asuna"
1129,"Kurisu"
1130,"Makise"
1131,"Deku"
1132,"Hoodless"
1133,"Snake"
1134,"Metal Gear Solid"
1135,"Solid Snake"
1136,"SNAAAKE"
1137,"SNAAAAAAAAAAAAAAAAAAAAAAAAKE"
1138,"Edward"
1139,"Elric"
1140,"FMA"
1141,"Fullmetal Alchemist"
1142,"9S"
1143,"NIER Automata"
1144,"Crash"
1145,"Bandicoot"
1146,"Crash Bandicoot"
1147,"N64"
1148,"Woah"
1149,"Vanellope Von Shweetz"
1150,"Vanellope"
1151,"Wreck It Ralph"
1152,"Candy"
1153,"Derp"
1154,"Chan"
1155,"Derp Chan"
1156,"Glow"
1157,"Akali"
1158,"Astolfo"
1159,"Not Gay"
1160,"Noob"
1161,"Veracs"
1162,"Verac"
1163,"Ramirez"
1164,"WE LIKE FORTNITE"
1165,"Lola"
1166,"Ralsei"
1167,"diamond"
1168,"Land of the Lustrous"
1169,"Mob"
1170,"Mob Psycho"
1171,"100"
1172,"Robot"
1173,"Gipsy"
1174,"Avenger"
1175,"Handsome"
1176,"Handsome Jack"
1177,"Juggernaut"
1178,"Dota 2"
1179,"Dota"
1180,"Alternative"
1181,"Hazbin Hotel"
1182,"UkonHoodie"
1183,"UseArmScaling"
1184,"Changed"
1185,"Latex"
1186,"CS:GO"
1187,"Skin"
1188,"AWP"
1189,"Gun"
1190,"Pro"
1191,"Goofy"
1192,"Cartoon"
1193,"Don't sue my ass"
1194,"Please"
1195,"Tsuki"
1196,"Bgrip"
1197,"THICC"
1198,"HTC"
1199,"VIVE"
1200,"touch"
1201,"cv1"
1202,"controller"
1203,"Tesla Cybertruck"
1204,"dotdecay"
1205,"Immortal"
1206,"Oldschool"
1207,"CustomTrail"
1208,"Vanilla"
1209,"Pneuma"
1210,"XC2"
1211,"Alien"
1212,"No Big Rings"
1213,"Small Rings"
1214,"Waveform"
1215,"Zootopia"
1216,"WMR"
1217,"Japanese Sweet"
1218,"Mochi"
1219,"Mochi on the Stick"
1220,"Amorous"
1221,"Inverted"
1222,"rin kagamine"
1223,"vocaloid"
1224,"BSMG Christmas Contest"
1225,"Winter"
1226,"BeatSpearSupport"
1227,"dotspiral"
1228,"Metallic"
1229,"Scrolling Text"
1230,"first saber"
1231,"cloth"
1232,"unicorn"
1233,"orbit"
1234,"Xmas"
1235,"Extra Glows"
1236,"Heart"
1237,"Custom Arrows"
1238,"Animations"
1239,"Shader Replacement"
1240,"Original"
1241,"Fum"
1242,"beta"
1243,"short trails"
1244,"b-grip"
1245,"Satori"
1246,"Futo"
1247,"moonshadow"
1248,"A2"
1249,"tron"
1250," pro"
1251," casual"
1252," haha skaaaate"
1253," commit"
1254," never give up"
1255,"Custom Saber"
1256,"Squirrel"
1257,"Ê≠¶Êº¢Âä†Ê≤π"
1258,"500 Combo Event"
1259," pokemon"
1260," no first-person"
1261," resizable"
1262,"resizable"
1263,"sumireko usami"
1264,"nier"
1265,"nier automata"
1266,"Long trails"
1267,"Camellia"
1268,"Mountains"
1269,"Default Inspired"
1270,"halo"
1271,"Galaxy"
1272," Animated"
1273," Thin"
1274," Custom Trails"
1275,"Hitsound"
1276,"Japanese"
1277," Dark"
1278," animated"
1279," physics"
1280," custom trails"
1281," Custom Arrows"
1282," Color Pack 1"
1283,"Animated Trails"
1284,"Rotating Text"
1285,"Witcher"
1286," Saber"
1287," Sword"
1288,"cloud"
1289,"cloud strife"
1290,"ff7"
1291,"moonshadow memory"
1292,"Punisher"
1293,"Crucible"
1294," Audio"
1295,"PSaber"
1296,"Historical"
1297,"Russian"
1298,"Demon Slayer"
1299,"Shinoubu"
1300,"Mordred"
1301,"Neo"
1302,"Boneworks"
1303," Sound"
1304,"ACCnotes"
1305,"OSU"
1306,"rings"
1307,"recreation"
1308,"moving lasers"
1309,"Tru"
1310,"Cosmos"
1311,"Minato Aqua"
1312,"logos"
1313,"Moving Lasers"
1314,"Aesthetic"
1315,"Invisible"
1316,"Almost Invisble"
1317,"Big Rings"
1318,"platforms"
1319,"battlefield"
1320,"war"
1321," Dynamic Bones"
1322," Annoying black lightning blocking your view"
1323,"Annoying liquid flying errywhere"
1324,"LostVint"
1325,"Thick"
1326,"Custom Colours"
1327," Custom Trail"
1328," Shader replaement"
1329,"TRIANGLES"
1330,"Bloq"
1331,"Mug"
1332,"Beat Saber Mug"
1333,"dim"
1334,"pointy"
1335,"cool name"
1336,"clean"
1337,"Literally nothing there"
1338,"Challenge"
1339,"Masterpeice"
1340,"Speed"
1341,"Custom Bombs"
1342,"legs"
1343,"alvarineitor2004"
1344,"Socks"
1345,"lolpants"
1346,"Bee"
1347,"Kids"
1348,"Oof"
1349,"Quack"
1350,"Pumpkin"
1351,"DDR"
1352,"Revolution"
1353,"Music Escape"
1354,"Gnomed"
1355,"Gnome"
1356,"UWU"
1357,"OWO"
1358,"fidget"
1359,"spinner"
1360,"kirby"
1361,"Rubix"
1362," Rubik's"
1363," rubiks"
1364," animation"
1365," meme"
1366,"particles"
1367,"animation"
1368,"particle"
1369,"gamecube"
1370,"logo"
1371,"nintendo"
1372,"corgi"
1373,"dog"
1374," funny"
1375," sound"
1376," gnome"
1377," gnomed"
1378,"America"
1379,"Fourth of july"
1380,"fireworks"
1381,"flag"
1382," hard"
1383," difficult"
1384," bomb"
1385,"CMB"
1386,"epic"
1387,"dance"
1388,"discord"
1389,"ping"
1390,"no bloq"
1391,"no note"
1392,"VBucks"
1393,"fortnite"
1394,"money"
1395,"ball"
1396,"rocket league"
1397,"Steven"
1398,"Spiral"
1399,"Filletusgaming's Stream Avatar"
1400," Custom Avatar"
1401," Avatar"
1402," Invis"
1403,"Mr. DragonFlame"
1404,"Custom Avatar"
1405,"Betaven"
1406,"Custom Sabers"
1407,"Dragon Flame Saber"
1408,"Dragon Flame"
1409,"Magma"
1410,"Very Hot"
1411,"Hot"
1412,"NHF"
1413,"Slimsword"
1414,"Nightraid"
1415,"Screenspace Kinda"
1416,"Stream Avatar"
1417," Filletusgaming's stream Avatar"
1418," Fox"
1419,"pog"
1420,"champ"
1421,"emote"
1422,"you"
1423,"twitch"
1424,"pogyou"
1425,"Tokyo"
1426,"city"
1427,"Default Trail"
1428,"Slider"
1429,"Animated Model"
1430,"Taichi Trails"
1431,"Dinosaur"
1432,"Raptor"
1433,"Velociraptor"
1434,"Dinotes"
1435,"Jurassic Park"
1436,"Jurassic World"
1437,"Gate"
1438,"Entrance"
1439,"Door"
1440,"Park"
1441,"HelixV2"
1442,"Custom Shaders"
1443,"windows"
1444,"og"
1445,"xp"
1446,"PlasmAcc"
1447," Pro"
1448," Animated Trails"
1449," Animated Model"
1450,"Stop Sign"
1451,"lava"
1452,"inverted"
1453," Particles"
1454,"Neon Slasher"
1455,"Ancient Experiment"
1456,"Rick"
1457,"Morty"
1458,"Portal"
1459,"Hitbox"
1460,"Wireframe"
1461,"Legs"
1462,"Pegboard Nerds"
1463,"Artist Logo"
1464,"Rotating Lasers"
1465,"Track Rings"
1466,"WirePro"
1467,"Magic"
1468,"MagicCircles"
1469,"Mao Mao"
1470,"Mao Mao: Heroes of Pure Heart"
1471,"Lizband_UCC"
1472,"œá-Blade"
1473,"x-Blade"
1474,"Beastars"
1475,"Legosi"
1476,"Legoshi"
1477,"animated trail"
1478,"DOOM Eternal"
1479,"Sally"
1480,"Bofuri"
1481,"color"
1482,"colour"
1483," First-Person Compatible"
1484," Rias"
1485,"Full Combo Event"
1486,"Rank S/SS Event"
1487,"Pog"
1488,"best saber ever"
1489,"INZO"
1490,"acc"
1491,"accuracy"
1492,"better"
1493,"points"
1494," OldSchool"
1495," Star Wars"
1496,"stick"
1497,"NO CUSTOM COLORS"
1498," semi thin"
1499," semi-inverted"
1500," challenge"
1501,"Smol"
1502,"Electric"
1503,"Tootie"
1504,"Long Handle"
1505,"Sun Breaker"
1506,"Model Citizens"
1507,"Venus"
1508,"Asteroid"
1509,"Pluto"
1510,"Planets"
1511,"Black Hole"
1512,"Dark Blade"
1513,"Stereo Rendering"
1514,"Infinity Mirror"
1515,"Full Combo Effect"
1516,"Accuracy"
1517,"Simplicity"
1518,"Fall Guys"
1519,"Hair+Skirt Physics"
1520,"Important! Check Desc!"
1521,"Hair Physics"
1522,"Bunny Tail Physics"
1523,"Bunny Ears Physics"
1524,"Breast Physics"
1525,"Rounded"
1526,"Cage"
1527,"Custom Bomb"
1528,"Artist"
1529,"KeyBlade"
1530,"Etkons Arch"
1531,"Simplistic"
1532," A2"
1533," Cosmos"
1534,"green"
1535,"screen"
1536,"video"
1537,"editing"
1538,"static"
1539,"Bandooth"
1540,"Pug"
1541,"Earth"
1542,"ATLA"
1543,"Alchemy"
1544,"Elements"
1545,"BroadSword"
1546,"Ether"
1547,"Copper"
1548,"Among Us Pack"
1549,"Pass Effect"
1550," Fail Effect"
1551,"Starting Effect"
1552,"custom particles"
1553,"Animated trails"
1554,"galaxy"
1555,"Spookscalibur"
1556,"Contest"
1557,"Genshin"
1558,"Halloween Contest 2020"
1559,"Particle System"
1560,"FeetSaber"
1561,"BSMG Halloween Contest"
1562,"Ganondorf"
1563,"7DS"
1564,"Guila"
1565,"Plant"
1566,"Ahri"
1567,"CuRsEd BlOqS"
1568,"Rigidbodies"
1569,"Skewed"
1570,"Spinning Text"
1571,"Funny Saber"
1572,"Scoresaber"
1573,"Jiggly"
1574,"gelatin"
1575,"cyberpunk"
1576,"Rhythm Game"
1577,"Taiko"
1578,"Drums"
1579,"No Custom Colors"
1580,"Matrix"
1581,"Code"
1582,"Enter the gungeon"
1583,"gungeon"
1584,"OG"
1585,"trippy"
1586,"digimon"
1587,"guilmon"
1588,"first person compatible"
1589,"Thanksgiving"
1590,"Holiday"
1591,"Money"
1592,"Festive"
1593,"Laser"
1594,"Whitemane"
1595,"World of Warcraft"
1596,"HotS"
1597,"Pixel"
1598,"8bit"
1599,"16bit"
1600,"Sun"
1601,"Moon"
1602,"JJ"
1603,"BSMG Christmas 2020"
1604,"LightShow"
1605,"Custom Lasers"
1606,"Leek"
1607,"Inverted Glow"
1608,"CustomShaders"
1609,"Competitive"
1610," GOG 12"
1611," Galaxy"
1612," Glow"
1613,"Fixed Color"
1614," Christmas"
1615,"Face Animation"
1616,"End Level Sound"
1617,"BeatKhana"
1618,"Tournament"
1619,"Pro LOL"
1620,"best saber ever made"
1621,"use it now"
1622,"taichidesu LOL"
1623,"dad"
1624,"v2"
1625,"masterpiece"
1626,"itssogoodomg"
1627,"mcdonalds"
1628,"probably worth like a billion dollars"
1629,"sexy"
1630,"amazing"
1631,"tru"
1632,"whatamidoingwithmylife"
1633,"will give you rank one"
1634,"cerret"
1635,"poggers"
1636," simple"
1637," custom colors"
1638,"smaller"
1639,"Cello"
1640,"Key"
1641,"Cursed"
1642,"Among Us"
1643,"Drip"
1644,"Ashoka"
1645,"Starwars"
1646,"Rebels"
1647,"Mandalorian"
1648,"Dragon Quest"
1649,"Dragovian King Sword"
1650,"Square Enix"
1651,"Eye Animation"
1652," StarWars"
1653," CloneWars"
1654,"PRINGLES"
1655,"Dojo"
1656,"Scenery"
1657,"Samurai"
1658,"Daylight"
1659,"Day"
1660,"Cherry Blossom"
1661,"monster hunter"
1662,"mhw"
1663,"fantasy"
1664,"big"
1665,"fabric"
1666,"terrible"
1667,"im a new modeler do not call me out for my sabers being trash (THEY STILL ARE)"
1668,"Blue and Red"
1669,"karen"
1670," kujou"
1671," kiniro"
1672," mosaic"
1673,"Black"
1674,"Funny Spinny Heart"
1675,"feuniin"
1676,"literal garbage"
1677,"bad"
1678,"FNAF"
1679,"Glitchtrap"
1680,"Security Breach"
1681,"No FBT"
1682,"custom key events"
1683,"Textures"
1684," Spinny Text"
1685,"Notched Blade"
1686,"Notch"
1687,"Flufflus"
1688,"vibro"
1689,"Notched"
1690,"Monkey"
1691,"Genshin Impact"
1692," Lumine"
1693," Traveller"
1694,"dark"
1695,"metalic"
1696,"thin trail"
1697,"renaissance"
1698,"T-Kudu"
1699,"Shiny"
1700,"Random"
1701,"monke"
1702,"jerma"
1703,"sus"
1704,"amogus"
1705,"among us"
1706,"France"
1707,"Fire Trail"
1708,"eye animation"
1709,"new"
1710,"PiXel"
1711,"Among us"
1712,"‡∂û"
1713,"Spinny Name"
1714,"decent"
1715,"j"
1716,"still garbage"
1717,"still remains to be bad"
1718,"garbage"
1719,"Fresnel"
1720,"Purp1e"
1721,"wing chun"
1722,"short"
1723,"bart cham dao"
1724,"cutting"
1725,"AnimatedTrail"
1726,"osu"
1727,"osu!"
1728,"circle"
1729,"pirate"
1730," Blackbeard"
1731," Triton"
1732," cutlass"
1733," pirates of the caribbean"
1734,"JJBA"
1735,"Pluck"
1736,"Luck"
1737,"JoJo's Bizarre Adventure"
1738,"Part 1"
1739,"Phantom Blood"
1740,"Joestar"
1741,"fire trail"
1742,"Blue red"
1743," Neon"
1744," Old"
1745," Default"
1746," anime"
1747," night time"
1748," Rotating Lasers"
1749," Backstreet"
1750,"Wack"
1751," Noise Trail"
1752," Animation"
1753," Animated Trail"
1754," Gameplay Focused"
1755," Bright"
1756," Distortion"
1757,"Hololive"
1758,"Lollp"
1759,"100% Original"
1760,"Nora"
1761,"Filletus"
1762,"Cat Ears"
1763," Band"
1764," Custom Lights"
1765," Classroom"
1766,"no trails "
1767,"trigger events"
1768,"Semi-Thin"
1769,"Acc"
1770,"thick"
1771,"hl"
1772,"half-life"
1773,"aya"
1774,"murph"
1775,"Project Diva"
1776,"witcher"
1777,"swords"
1778,"translucent"
1779,"kurumi"
1780,"iSF"
1781,"iSmellFood"
1782,"Wk"
1783,"Impurity"
1784,"Fc"
1785,"Dio"
1786,"weight repaint"
1787,"breath audio"
1788,"Haku"
1789,"FC effect"
1790,"NSG"
1791,"combo effect"
1792,"femboy (hot!)"
1793,"best"
1794,"Hot!"
1795,"epic and sexy"
1796,"hOt"
1797,"hott"
1798,"hotte!"
1799,"good"
1800,"lukewarm"
1801,"lukewan"
1802,"probably broken"
1803,"hamburg (germany)"
1804,"Tru (hot)"
1805,"Tru (amazing)"
1806,"give me mONEey"
1807,"ok im done with the tags now"
1808,"custom color"
1809," particles"
1810," custom trail"
1811,"Death Tote"
1812,"Weight Repaint"
1813,"Mobius"
1814,"Miku v3"
1815,"Normal"
1816,"FC Effect"
1817,"L9"
1818,"P1"
1819,"Dyson Sphere"
1820,"The Binding Of Isaac"
1821,"LGBT"
1822,"Pride"
1823,"Attractive"
1824,"Horizon"
1825,"p1"
1826,"Space Station"
1827,"Sexy"
1828,"gEomEtRy dAsH"
1829,"Gameplay-Based"
1830,"Vibro (ew)"
1831,"speed"
1832,"FC animation"
1833,"Raz0rBeam"
1834,"Fire Blade"
1835,"bamboo"
1836,"geezer"
1837,"Transgender"
1838,"Trans"
1839,"LGBTQ"
1840,"LGBTQIA+"
1841,"Gradient Trail"
1842,"Donut"
1843,"FC Animation"
1844,"Olympics"
1845,"Torch"
1846,"NO CC"
1847,"Choo Choo"
1848,"FC anim"
1849,"Easter Egg"
1850,"Sabre"
1851,"Fencing"
1852," Bamboo"
1853," Derpy"
1854,"Friday Night Funkin"
1855,"FNF"
1856,"pack"
1857,"week"
1858,"Spinny name"
1859,"eragon"
1860,"fire"
1861,"longsword"
1862,"fantacy"
1863,"Custom Colors "
1864," Custom Trails "
1865,"Text"
1866,"No Text"
1867,"whisk"
1868,"fresnel my beloved"
1869,"Dao"
1870,"Guan Dao"
1871,"Guandao"
1872,"Polearm"
1873,"AlternativePlay"
1874,"Flail"
1875,"Nunchaku"
1876,"cuteralbator_xo"
1877,"Plasma"
1878,"Hard Light"
1879,"futuristic"
1880,"V2"
1881,"awesome"
1882,"fate kaleid liner prisma illya"
1883,"ruby"
1884,"FC Animations"
1885,"P1AQ"
1886,"Kylo Ren"
1887,"katana"
1888,"Detail"
1889,"Chicken"
1890,"black"
1891,"uber"
1892," Team Fortress 2"
1893," Video Game"
1894," Particle Blade"
1895," Particle Effects"
1896," Knight"
1897," Spinny Text "
1898,"Fresnel my beloved"
1899,"Bloom my beloved"
1900,"Bloom Trail"
1901,"DRS"
1902,"Crystalized"