id,name,bsaber,discordId
0,Assistant,assistant,314941664341000193
1,None,null,-1
2,ikeiwa,ikeiwa,-1
3,Emma,emma,-1
4,Oshi,oshi,-1
5,Kyle 1413,kyle1413,-1
6,MissRaynor,missraynor,-1
7,skryon,null,-1
8,CoreFuzedGaming,null,-1
9,FayeVR,null,-1
10,Nishkat,null,-1
11,Xypod13,xypod13,-1
12,Auros,auros,-1
13,Klouder,klouder,-1
14,BeigeAnimal,BeigeAnimal,185634919446216705
15,Alppuccino,Alppuccino,-1
16,Guatapuri,Guatapuri,-1
17,Tsuna,null,-1
18,Ender,null,-1
19,DeeJay,DeeJay,-1
20,SweetBean,null,-1
21,aggrogahu,aggrogahu,-1
22,LostVint,null,-1
23,Punzer,null,-1
24,Tailskid Gaming,null,-1
25,Derpy Hooves,derpyhooves,-1
26,Parker Lippstock,null,-1
27,HentaiGod,null,-1
28,TrappedinGold,null,-1
29,Whistl3R,Whistl3R,390661978311360513
30,denpadokei,null,-1
31,CoffeeCone,CoffeeCone,-1
32,Ibodan,Ibodan,-1
33,Mr Bones/GasBandit,GasBandit,-1
34,Swingly,Swingly,-1
35,Raynor,MissRaynor,-1
36,ShibeMan,ShibeMan,-1
37,Nekozen,nekozen,-1
38,Dracrius,Dracrius,-1
39,andruzzzhka,null,-1
40,Prof. Dru,Prof. Dru,-1
41,Mordred,null,-1
42,F#2185,F,-1
43,Shanerius,Shanerius,-1
44,Qipz,null,-1
45,AkaRaiden,https://bsaber.com/members/akaraiden/,229744332209520640
46,GasBandit,GasBandit,-1
47,Mythra(Mordred),null,-1
48,TK4210,TK-421,-1
49,Laugexd,Laugexd,146243483898871808
50,Soraxel,Soraxel,-1
51,triazo,triazo,-1
52,Mellin,Mellin,-1
53,Jcorella,Jcorella,-1
54,TFizz,TFizz,-1
55,DownyCat,DownyCat,-1
56,wolven,Serrated Swords,-1
57,OnlyPolygon,OnlyPolygon,-1
58,Model: Shadow090102 & Port: a1batross,a1batross,-1
59,eggdog,eggdog,-1
60,Mathi Gaming,mathigaming,-1
61,Axi,Axi,-1
62,Nicoreda,Nicoreda,-1
63,xScaramouche,xScaramouche,-1
64,Kamizhou,Kamizhou,-1
65,Eph,Fenice,-1
66,Imperishable_NEET,null,-1
67,Nova Aurora,Nova Aurora,-1
68,Tachrayonic,null,195767779192864768
69,Zayle Sena,Zayle,-1
70,KittenPublicSchool,null,-1
71,YaGirlFia,Caliburn,-1
72,PixelPoizon,PixelPoison,-1
73,Megalon,megalon,-1
74,Abeskandr,Abeskandr,-1
75,Sombreffroi,Watanabe,-1
76,[REDACTED],null,-1
77,TheSavageHybrid,TheSavageHybrid,-1
78,Rolo,rolopogo,-1
79,SkyDragon,SkyDragon,-1
80,CranMan,CranMan,-1
81,TheOneWithManyNames,TheOneWithManyNames,-1
82,arcticgamez,Arcticgamez,-1
83,Your Requests,null,-1
84,Zoey,Zoey,-1
85,Futuramaahoi,Futuramaahoi,-1
86,ichimo,ichimo,-1
87,MrTheRich,MrTheRich,-1
88,Euxillion,Euxillion,-1
89,MeowMilk,MeowMilk,-1
90,Fox3952,Fox3952,-1
91,Default Cube,Default Cube,-1
92,DarnHyena,DarnHyena,-1
93,Cornflakes,MegaCornflakes,-1
94,Pietson,Pietson,-1
95,"kskst for model, desupri for export,  crfr for import",crfr,-1
96,Skeer,「SKEER」,-1
97,Kiwi,SAB Sabers,-1
98,Mishonary®,Mishonary®,-1
99,Kirbyfire,Kirbyfire,-1
100,DIEFeuertomate,DIEFeuertomate,-1
101,VorksBox,VorksBox,-1
102,Maclane,Maclane,-1
103,PureDark,PureDark,-1
104,Maclane - Requested by Ches the Irish Loli,Maclane,-1
105,Kyle1413,Kyle 1413,-1
106,MyName,null,-1
107,Ofek,Ofek24885,-1
108,iza.ini,iza.ini,-1
109,kuiwa,null,-1
110,Whyskaz,LoliKon,-1
111,Dimenzija,LeviBrunette,-1
112,yulotomorrow,null,-1
113,TheLastSlice,NightRider,-1
114,Reiterpallasch,Reiterpallasch,-1
115,Kioi,Kioi,-1
116,Raemien,raemien,325902655400574978
117,whoever made the original ones,Kioi,-1
118,Qlone (sketchfab),Kioi,-1
119,FrostDragon,FrostDragon,-1
120,Minirolls,Mini rolls™,-1
121,Loagurt,Loagurt's Sabers v2,-1
122,Subpilot41,Subpilot41,-1
123,PrismatiCore,PrismatiCore,-1
124,Verbina29,verbina29,-1
125,DJ - wdj20xp,DJ-wdj20xp,-1
126,SeventyTwo,SeventyTwo,-1
127,JeffCraig,TheOnlyQueso,-1
128,KarmaTheVappy,KarmaTheVappy,-1
129,Minty,Minty,-1
130,viniciorl,viniciorl,-1
131,Steven,null,-1
132,Some Dude on the internet idk,JeremyOfAllTrades,-1
133,pizzadelivery3,pizzadelivery3,-1
134,Liquid Popsicle,Liquid Popsicle,-1
135,Gamegod4,Gamegod4,-1
136,Caeden117,Caeden117,-1
137,Wh4t,Wh4t,-1
138,BeastFiberYt,BeastFiberYT,-1
139,Savage_Lewd,Savage_Lewd,-1
140,ReaTi,ReaTi_,-1
141,Snug,null,-1
142,gangchun,gangchun,-1
143,Raphpower,Raphpower,-1
144,KIMRIO,KIMRIO,-1
145,Firepown88,Firepown88,-1
146,Aelemar,Aelemar,-1
147,LaBandit915,null,-1
148,Temaran,Temaran,-1
149,Br3uker,Br3uker,-1
150,WillTheWAFSack,WillTheWAFSack,-1
151,Finalizer,Finalizer,-1
152,Schwank,schwnk,-1
153,ArtGnat,ArtGnat,-1
154,Logan,CloUd_,-1
155,Kleiark,Kleiark,-1
156,lolPants,lolPants,-1
157,Voyager,Voyager,-1
158,NustyFrozen,NustyFrozen,-1
159,OppaiDefender,OppaiDefender,-1
160,Bobbie,Bobbie,-1
161,ruby,可爱の男孩,-1
162,Pixelman546,Pixelman546,-1
163,MightyMorton,null,-1
164,ClokTowur,null,-1
165,TheMightySpud,null,-1
166,Pumkin,null,-1
167,williams,null,-1
168,Clorox Bleach,null,-1
169,Umpelkarumpel,null,-1
170,Piascyk,Piascyk,-1
171,Lolatron,null,-1
172,BustR75,null,-1
173,Mythra,null,-1
174,Sobakasu,null,-1
175,Austin,null,-1
176,treyplayx3 (Model by The-Horrible-Mu),null,-1
177,treyplayx3 (Model by doomsentinel),null,-1
178,dragon,null,-1
179,rileyzzz,null,-1
180,Vipai,null,-1
181,onerian,null,-1
182,harrydec,null,-1
183,TyrantSars,null,-1
184,OmegaSisters,null,-1
185,Nekon118,null,-1
186,khyra,null,-1
187,Spacky,null,-1
188,Mini-Rolls,null,-1
189,mlubben,null,-1
190,delto,null,-1
191,Tenrys,null,-1
192,tektr0-senpai,null,-1
193,Juk3_Live,null,-1
194,Juk3Live,null,-1
195,SoupsSB,null,-1
196,Xapher,null,-1
197,Wowee,null,-1
198,Kusionaye,null,-1
199,Bigo,Bigo,-1
200,kleinba,null,-1
201,FriendInTheSky,null,-1
202,FriendInTheSky + RyuuExe,null,-1
203,FriendInTheSky/RyuuExe,null,-1
204,Reality Quintupled,null,-1
205,rico,null,-1
206,Arouh,null,-1
207,WestBoiDave,null,-1
208,KingPeuche YT,null,-1
209,Bronycon Staff,null,-1
210,Belto,null,-1
211,BeltoW/GAMEBOT,null,-1
212,"Aly, the Lightbringer",null,-1
213,Whiisper,null,-1
214,[N-cognito],null,-1
215,baconkiller531,null,-1
216,Pentakill Kaiser,null,-1
217,NVDRCM,null,-1
218,poi,null,-1
219,FabioTheTurtle,null,-1
220,MasterFluffy,null,-1
221,Konata-chan,null,-1
222,SmoothyBuns,null,-1
223,UwanAkanome,null,-1
224,starwars02823,null,-1
225,Scum,null,-1
226,Veodok,null,-1
227,Vegan,null,-1
228,Kjosa,null,-1
229,Violet Chaolan,null,-1
230,KoenfuPanda,null,-1
231,Lady Jojo,null,-1
232,Daan Hesterman & Jeroen Hesterman,Daan - Jeroen Hesterman,-1
233,Halcyon12,halcyon12,143017383773208576
234,Pixelguy,Pixelguymm,-1
235,Fusion,null,-1
236,Davey,null,-1
237,Liquid,null,-1
238,DJ-wdj20xp,null,-1
239,Kick,KickDesigns,-1
240,raka,rakapy,-1
241,Beat Games (Pixelguy),Pixelguymm,-1
242,DeeMon,null,-1
243,bombablake13,null,-1
244,MagiVictor,null,-1
245,DJ,null,-1
246,Matthew Berger,null,-1
247,kas110,null,-1
248,pwnthesky,pwnthesky,-1
249,BeardedPike,BeardedPike,-1
250,Neko_Thao,Neko_Thao,-1
251,Nykreuz,Nykreuz,-1
252,TheTimeSweeper,TheTImeSweeper,-1
253,PotatoHead,null,-1
254,Daniel Dukers,null,-1
255,zennysama,zennysama,-1
256,BUNY!NS,BUNY!NS,-1
257,Naquino14,Naquino14,-1
258,SyanRyan,null,-1
259,Zoryus,null,-1
260,L_Death,TechButterfly,-1
261,Voxian,voxian,-1
262,Rednight90/Raphpower,Raphpower/Rednight,-1
263,Harufa,HARUFA,-1
264,kOF.Readie,kOF.Readie,-1
265,MOETIXA,moetixa2,-1
266,KanataHanayuki,Laywolf,-1
267,Uchytka,Uchytka,-1
268,Hrathen,Hrathen,-1
269,CloroxBleach,null,-1
270,lea87crzz,null,-1
271,kichithewolf,null,-1
272,Gold#7804,null,-1
273,Sarc,null,-1
274,APervySage,null,-1
275,APervySahe,null,-1
276,Castle Rock,null,-1
277,Funkeymantic,null,-1
278,Kaji,null,-1
279,BeigAnimal,null,-1
280,Model/Skeleton by:ShawolesWOLF | Rigging by: JAOG,null,-1
281,Arkanit,null,-1
282,LamG4,null,-1
283,treyplayx3,null,-1
284,0000,null,-1
285,bit saber,null,-1
286,DriviousJoJo,null,-1
287,ajunior7,null,-1
288,Xnitro67,null,-1
289,,null,-1
290,kittychan31,null,-1
291,KillMePlease,null,-1
292,LionsLane,null,-1
293,ReignPhoenix,null,-1
294,InsaneGrox,null,-1
295,Luka,null,-1
296,F#2185S,null,-1
297,Wesley Swipes,null,-1
298,HunterFoxx,null,-1
299,AAMBIENTT,AAMBIENTT,-1
300,Naneko,null,-1
301,FinalFrostFall,Final Frost Fall,-1
302,Final Frost Fall,FinalFrostFall,-1
303,ThyDuckLord,ThyDuckLord,-1
304,L3PiK(Lep),L3PiK,-1
305,Zottiku,Zottiku,-1
306,Moonshadow,Pocket Noctis,-1
307,$traker,$traker,-1
308,Mdot,Mdot,146659700392460289
309,Idlebob,null,-1
310,Rayman9515,Rayman9515,-1
311,Ponlets,Ponlets,-1
312,DeadlyKitten,DeadlyKitten,-1
313,Filletus,Filletus,-1
314,Nathan Kerbonaut,Nathan Kerbonaut,-1
315,nightlyyyyy aghgh,nightly-sama,-1
316,Raphpower/Rednight90,FrozenSabers,-1
317,uyo,UYO,-1
318,Twiix,null,-1
319,Zeidyman,Just Simple Sabers,-1
320,GidSkid,GidSkid,-1
321,BUNY!NS <3,BUNY!NS,-1
322,Astral,Astral,-1
323,KartKrafter,null,379709379575939074
324,Necrospook,null,137766512248225792
325,CyanSnow,null,154341137694326784
326,Windy,null,165735726690992128
327,Pencunia,null,229616778244915201
328,AaltopahWi,null,295922232020959232
329,JumboGauge,null,563123737382092810
330,Hooi,hooi,173731271111999488
331,A2,null,258361373971578880
332,rukk,null,307635399784661004
333,Ultra V,null,223005974493921280
334,nightly-sama,null,295249921294991361
335,nightly :3,null,295249921294991361
336,Altair2,null,258361373971578880
337,Begny,null,184053903019606026
338,RoboBuildR,null,426177280897974274
339,urbankickster,null,277317820340240394
340,The Detenator,null,386716677146017803
341,FireStrike,null,197367748844716032
342,WDG_Wh4tVB,null,293075996087812096
343,Commi,null,131360243736248320
344,Savage,null,357720775790297089
345,Futuremappermydud,null,284467408373284864
346,Parapass,parapass,617736281249677462
347,Jeiku,null,681951084486721696
348,203Null,null,311961554457329665
349,Zebite,null,375940416039682059
350,Emilien,null,375940416039682059
351,SMAEL,null,502918323491569675
352,some jerk,hooi,173731271111999488
353,uuppi,null,194900504113971200
354,Artjoms,artjoms,203250289023778816
355,The King,null,239845224115863563
356,Havox,null,184766865350852608
357,Mentasuave01,null,398852432798547968
358,Vegaxys,null,200366887031406592
359,Beat Games [Pixelguy],pixelguymm,434386941547511818
360,Tru,null,277481643030216714
361,Topyz,null,209684817875435520
362,Hololive,null,353820716740640770
363,FireStrike & Pixelguy,pixelguymm,434386941547511818
364,??,null,278268174053539853
365,Kaoplo,null,221136608810893312
366,remmle,null,576068640084983829
367,LostVint & Tru,null,277481643030216714
368,Altair2 and Tru,null,277481643030216714
369,Mdot & Altair2,Mdot,146659700392460289
370,Asteronic,null,693246562939175084
371,Emilien & Asteronic,null,693246562939175084
372,burgerdude,null,261926832268509195
373,Z-ANESaber & JonParrish,z-anesaber,324954940885958658
374,Impulse18,null,585111620468998176
375,Spawnova,null,137001334623698944
376,RogueMissile,bran04don,308138822347128834
377,PiXel_,pixel_1_2_3_4_5,353218378636460044
378,sphynx,null,523840836492853283
379,Earth-Chan,null,707384432084123720
380,Toomas,null,346345116878897152
381,mrSmile,null,420974911943737344
382,alvarineitor2004,null,324208480263077888
383,Z-ANESaber & Saberin,z-anesaber,324954940885958658
384,Bobbie (Model By MissRaynor),null,246478140132687872
385,Sirspamalot555,null,232574143818760192
386,PokeCat,null,188422835809681408
387,Chara_,null,242102347390517248
388,headassbtw,headassbtw,288835361977925632
389,Z-ANESaber & jordanger88,z-anesaber,324954940885958658
390,Naquino14 | Vinetta#4018,naquino14,388440073219211265
391,Kernel_Panic,null,301625097532473354
392,Okachamie,okachamie,396069555254067213
393,Thylacine / Wendigo,null,518703335935574033
394,Brinch,null,426393835694981121
395,VRPlayer,null,710205986417147967
396,Om.Nom,null,690666497781268505
397,Mr.Suave,null,314850862306689025
398,A sudden erlo,null,173529317001658369
399,TooSpoopy,null,296429114242367489
400,Lachzloyt,null,405052299577393162
401,Drakonir,null,469868455902969866
402,Syskoh,null,196190896402857984
403,TwiixO,null,304508793469927424
404,Tombo_xD,null,452244266484236289
405,LagKnowsWhy,null,431524485548736535
406,Wendigo / Thylacine / Jackal,null,518703335935574033
407,Z-ANESaber,z-anesaber,324954940885958658
408,Juju3409,juju3409,302891187193511938
409,Jaiden,null,180376211820773377
410,LepLop,null,150392328090025984
411,TJ & Okachamie,null,289764902682492938
412,jjdehuyeif,null,366411130962313216
413,TJ,null,289764902682492938
414,PiXel,pixel_1_2_3_4_5,353218378636460044
415,RedBrumbler,null,175693992195915777
416,Bommel24,null,312246790491602946
417,Midoriya630,null,412819185777901568
418,TwiixO aka Leah,null,304508793469927424
419,Z-ANESaber & shor.riot,z-anesaber,324954940885958658
420,Lizband_UCC,null,280946906933362689
421,zennysama x alastadesu,zennysama,185243269125505025
422,Ren Stefanek,null,91112354992902144
423,pp,bed_,736545796358537296
424,Airoah,null,278283466075013130
425,Dulana57,null,186514127030583296
426,Pixel/LeMonke,null,717759739080998984
427,me,bed_,736545796358537296
428,Project Q,null,733473765920604261
429,thot dog,null,393515313297096714
430,DROID_Wolf,null,427637586077679627
431,Tootie,null,241404507026751489
432,AmazingPinapple,null,285135861618704389
433,originalusername,null,447483192241291264
434,TN | Yosuke,null,637870142218436629
435,BigKitten,null,266500391104020481
436,Pitatochu,null,711268919632986195
437,todM,null,746302619986821170
438,Shotshell156,null,268181266443010048
439,Tommy,null,679740955833663488
440,miitchel,null,163990736734257154
441,Putnamto,null,639998320336568330
442,James310,null,207018710433660928
443,Averren,null,480442124639141898
444,nitronik.exe,null,428230049704181760
445,Z-ANESaber & Anthony Yanez,z-anesaber,324954940885958658
446,TheDoctor121027,null,624961413500108830
447,beat my meat,null,733473765920604261
448,uxreal,null,252571263061458947
449,ElementalCheeto,elementalcheeto,736711284351041667
450,KortyBoi,kortana,167335587488071682
451,LeonGamer_HD,null,477099447663460352
452,CaffeineDodo,null,252831216166895617
453,TheModdedChicken,null,337371143881228288
454,Okachamie & Altair2,okachamie,396069555254067213
455,Altair2 & Okachamie,okachamie,396069555254067213
456,Pug,null,162708179732529154
457,KingElrond,null,584555670179807232
458,Parapass & Altair2,parapass,617736281249677462
459,Monti,null,261513846429188097
460,headassbtw (model not by me),headassbtw,288835361977925632
461,Fwyer,null,114132367182004227
462,Ren Shiratori,null,91112354992902144
463,landify,null,328689577349087232
464,Classified323,null,227478777859538945
465,PowerCrank,null,117267898761871364
466,GameRated,null,422058433622179841
467,Raye,null,314342268054142976
468,Awake,null,301985885870882827
469,IonEwe02,null,494291630673887244
470,Mdot & Dawn,null,180376211820773377
471,Baoulettes,null,218438006707716097
472,Bluehydra,null,144599566866448384
473,JBSTheGamer,null,347126048921616404
474,Frosti- ft. WelshGuy,null,665095800640241686
475,JAACK_BS & WOLVEN,null,205063747914432512
476,Kitsun,null,242752557364150282
477,3DKentros,null,663587651424747520
478,cHEASE,null,648671734844620820
479,TheMythicalPro#1422,null,501514913026408448
480,Hertzole,null,219871624545959936
481,CornflakeRush,null,394540668841754634
482,TheNewJavaman,null,346439124498120714
483,ossocore,null,357195036133294080
484,Okachamie & JJ,okachamie,396069555254067213
485,Keiwa,null,126854698769580032
486,Flufflus,null,265935570239225856
487,ZombieB,null,452249803414568982
488,eeveepowered,null,736413990581829632
489,pure,null,402654519726440452
490,BigKitten & Dawn,null,180376211820773377
491,Tyrianix,null,354599744770801666
492,Aboykiy,null,609322946875490326
493,ぽんぷ長,null,705412392267546675
494,Smooth Butter,smooth-butter,306273531379843072
495,Axyz,null,334922497596194816
496,tika,null,412376040564850699
497,monkey,null,512613376728236034
498,TargetCrafter,null,226432002436366336
499,VanillaTopBunk,null,295038981882642435
500,SPINO,null,270050831263465472
501,CrypticLight & Z-ANESaber,z-anesaber,324954940885958658
502,MaroonOut9,null,303761306937196545
503,eeeeeeeeee,null,656215030223863870
504,Raydz,null,738829168246128731
505,crabman823,null,321341840605446154
506,ReflectTruth,null,158459048948269056
507,Raz0rBeam,null,301120139208818718
508,Kross,null,231769668589715467
509,d4rkpl4y3r,null,88772088013283328
510,iichille,null,361551382739943444
511,Jamez Dyer,null,114895500708151299
512,Louisedp,null,333692142805319680
513,Wooderino,null,738079479192092702
514,BigKitten & Uxreal,null,252571263061458947
515,Urki Mii,null,645080134260490250
516,Alasta & Ossocore,null,357195036133294080
517,Soni,null,392055568094986241
518,Toni Macaroni,null,622866978456993793
519,Mandogy,null,163065422982152192
520,professor honk,null,593831828918501377
521,PaxPaxei,null,519287021945094155
522,Wild Trumps,johnny-silverhams,477943749465473040
523,vitos1k,null,269168353820540930
524,Ambient,null,247780037137399809
525,Pax1,null,519287021945094155
526,Purp1e,null,537745391412838411
527,Lacri,null,199153320584019969
528,AdameK1926,null,114111050873438213
529,STYLEY,null,499645193348186125
530,rockz,null,190107137463025665
531,eeveepowered + BMM,null,736413990581829632
532,JustBeChill,null,464864064749961229
533,Nova,null,505838326008512512
534,DomeVR,null,279028559169716225
535,wolfy,null,474325614900412416
536,Lollp,null,621760314748436482
537,WBB Yeet,null,523304671046008832
538,SUS,null,128227939912253450
539,Yeetus,null,462029754963591178
540,Notmaster,null,389044976824090625
541,cc3389,null,771212772527702076
542,XXshelbis,null,715550995731709982
543,Wack,null,401581610321051658
544,Sensei WU,null,430267703639539713
545,Hurderr,null,232310834909544450
546,Ghazp,null,83793315522154496
547,P1AQ,null,551455967041028097
548,uiop327,null,464443096994807818
549,UrkiMii,null,645080134260490250
550,Kitoyo,null,436997939718651924
551,"thy_walrus, eeveeishpowered",null,736413990581829632
552,ZemphisTV,null,181775251338821632
553,Vallex,null,788800825648087040
554,TheSmokinGuy,null,244590520632999936
555,TKMaida,null,267804363571986432
556,Among_The_Couch23,null,715425179228176467
557,Joetastic,joetastic,227767566402191360
558,xanadu,null,254660483213164545
559,WackxFluffy,null,401581610321051658
560,BananManMarten,null,267285932615401473
561,PlainYeti,null,752975855973564627
562,Enlight,null,276644363470241792
563,Windyson,null,121705950649253888
564,arska,null,614767681953857556
565,not fam,null,656215030223863870
566,YharonJD,null,396893157788352516
567,FaZPi,null,541588288373522433
568,Oliver K (aka. Polle),null,837359531516100646
569,nateplayz4u,null,691675802546471014
570,PlainYeti & Raydz,null,752975855973564627
571,Terra,null,651929677597769735
572,iSmellFood,null,412441303167664129
573,Shimadesu_,null,358785212576169996
574,TheShad3yDragon,null,528783101913202690
575,Fernando_8952,null,721613866089447455
576,GuWoSch,null,792450887053869086
577,Thijnmens,null,490534335884165121
578,Aya & murph,null,180376211820773377
579,CupHead2021,null,816249207169351731
580,Touqai,null,408844866848686082
581,iSmellFood & Wack,null,412441303167664129
582,RikkuVR,null,768463397477548063
583,Ed3n,null,204089928898969600
584,Nate,null,691675802546471014
585,TheToxicBush,null,642028079472181249
586,iSmellFood & Touqai,null,408844866848686082
587,Valle,null,788800825648087040
588,iSmellFood & Purp1e,null,412441303167664129
589,Raydz & Xanadu,null,254660483213164545
590,hungrygeezer,null,474673987797123102
591,LicensedCrime,licensedcrime,345789473637924866
592,GojiCrafter,null,504371509448540160
593,3.wav,null,620821427779534858
594,Hammerdinnii,null,688167428353687746
595,erickjj789,null,811713671881424927
596,Derpy,null,347134061686292490
597,AtherianTheDerg,null,455628614818594816
598,BananMarten,null,267285932615401473
599,Weebs Online,null,757603881411805274
600,Kilghardt,null,255314100106559488
601,Echo Eclipse,null,376167397297487874
602,Clanps,null,307934179738386452
603,heavenly,null,494683254742450177
604,Tdg8uU,null,418848098316451863
605,AtlanticJoe,null,421085299741949953
606,Andthesloth,null,795425743211069460
607,Kylon99,kylon99,140993287581466624
608,sader man sam,null,861566205156130826
609,Jeelh,null,317569444207394817
610,Zektion,null,528714928580722691
611,cuteralbator_xo,null,571373910470164492
612,byhemechi,null,331280652320112641
613,Daniel Aspinwall,null,720717282862432296
614,ChevyPhoenix,null,287387304610365441
615,OrlojMural,null,384362159653519387
616,tnybeats,null,238708324969873418
617,Panini 2,null,492950471661715466
618,Cat Central,null,426697103641804821
619,Val5hi0n,null,819709900670107668
620,Anti,anti_1_2,300670985378463745
621,Jzac,null,368499589692522506
622,Windyson#0965,null,121705950649253888
623,Knight~,null,504032797212540938
624,Kameryn,null,746906171214004334